Workbook
Name Lista_Combustible: Listas!$B$2:$B$4
Name Lista_Vehiculos: Listas!$A$2:$A$34
Name SegmentaciónDeDatos_Fecha: #N/A
Name SegmentaciónDeDatos_Numero_Economico: #N/A
Name SegmentaciónDeDatos_Tipo_de_Combustible: #N/A

Sheet Registro Diario
A1: CONTROL DE COMBUSTIBLE Y RENDIMIENTO DE FLOTA - REGISTRO DIARIO
A2: Captura cada carga de combustible. Las columnas en AZUL se llenan a mano; las columnas en NEGRO se calculan solas. Flota: 32 vehiculos.
A4: Item | B4: Fecha | C4: Numero Economico | D4: Kilometraje Inicial | E4: Kilometraje Actual (Final) | F4: Kilometraje Recorrido | G4: Tipo de Combustible | H4: Litros Cargados | I4: Precio por Litro | J4: Total Pesos | K4: Rendimiento (km/l)
A5: =ROW()-4 -> 1 | B5: 46237 | C5: U-549 | D5: 0 | E5: 213702 | F5: 213702 | G5: Diesel | H5: 30.054 | I5: 27 | J5: =H5*I5 -> 811.458 | K5: =IFERROR(F5/H5,0) -> 7110.6009
A6: =ROW()-4 -> 2 | B6: 46237 | C6: U-560 | D6: 0 | E6: 275208 | F6: =IFERROR(E6-D6,0) -> 275208 | G6: Diesel | H6: 44.007 | I6: 27 | J6: =H6*I6 -> 1188.189 | K6: =IFERROR(F6/H6,0) -> 6253.7324
A7: =ROW()-4 -> 3 | B7: 46237 | C7: U-576 | D7: 0 | E7: 111444 | F7: =IFERROR(E7-D7,0) -> 111444 | G7: Gasolina | H7: 86.407 | I7: 23.98 | J7: =H7*I7 -> 2072.0399 | K7: =IFERROR(F7/H7,0) -> 1289.7566
A8: =ROW()-4 -> 4 | B8: 46237 | C8: U-614 | D8: 0 | E8: 174669 | F8: =IFERROR(E8-D8,0) -> 174669 | G8: Gasolina | H8: 45.056 | I8: 23.98 | J8: =H8*I8 -> 1080.4429 | K8: =IFERROR(F8/H8,0) -> 3876.709
A9: =ROW()-4 -> 5 | B9: 46237 | C9: U-581 | D9: 0 | E9: 305289 | F9: =IFERROR(E9-D9,0) -> 305289 | G9: Gasolina | H9: 37.701 | I9: 23.98 | J9: =H9*I9 -> 904.06998 | K9: =IFERROR(F9/H9,0) -> 8097.6367
A10: =ROW()-4 -> 6 | B10: 46237 | C10: Maq. Soldar | D10: 0 | E10: 3538 | F10: =IFERROR(E10-D10,0) -> 3538 | G10: Diesel | H10: 26.451 | I10: 27 | J10: =H10*I10 -> 714.177 | K10: =IFERROR(F10/H10,0) -> 133.75676
A11: =ROW()-4 -> 7 | B11: 46238 | C11: U-592 | D11: 0 | E11: 248349 | F11: =IFERROR(E11-D11,0) -> 248349 | G11: Gasolina | H11: 42.846 | I11: 23.98 | J11: =H11*I11 -> 1027.4471 | K11: =IFERROR(F11/H11,0) -> 5796.317
A12: =ROW()-4 -> 8 | B12: 46238 | C12: U-614 | D12: =IF(C12="","",IFERROR(INDEX($E$5:$E$486,SUMPRODUCT(MAX(($C$5:$C$486=C12)*($A$5:$A$486<A12)*$A$5:$A$486))),"")) -> 174669 | E12: 174849 | F12: =IFERROR(E12-D12,0) -> 180 | G12: Gasolina | H12: 38.173 | I12: 23.98 | J12: =H12*I12 -> 915.38854 | K12: =IFERROR(F12/H12,0) -> 4.7153747
A13: =ROW()-4 -> 9 | B13: 46239 | C13: U-545 | D13: 0 | E13: 205752 | F13: =IFERROR(E13-D13,0) -> 205752 | G13: Diesel | H13: 47.727 | I13: 27 | J13: =H13*I13 -> 1288.629 | K13: =IFERROR(F13/H13,0) -> 4311.0189
A14: =ROW()-4 -> 10 | B14: 46239 | C14: U-598 | D14: 0 | E14: 268947 | F14: =IFERROR(E14-D14,0) -> 268947 | G14: Gasolina | H14: 53.456 | I14: 23.9799 | J14: =H14*I14 -> 1281.8695 | K14: =IFERROR(F14/H14,0) -> 5031.1845
A15: =ROW()-4 -> 11 | B15: 46239 | C15: U-614 | D15: =IF(C15="","",IFERROR(INDEX($E$5:$E$486,SUMPRODUCT(MAX(($C$5:$C$486=C15)*($A$5:$A$486<A15)*$A$5:$A$486))),"")) -> 174849 | E15: 175127 | F15: =IFERROR(E15-D15,0) -> 278 | G15: Gasolina | H15: 35.426 | I15: 23.9799 | J15: =H15*I15 -> 849.51194 | K15: =IFERROR(F15/H15,0) -> 7.8473438
A16: =ROW()-4 -> 12 | B16: 46239 | C16: U-581 | D16: =IF(C16="","",IFERROR(INDEX($E$5:$E$486,SUMPRODUCT(MAX(($C$5:$C$486=C16)*($A$5:$A$486<A16)*$A$5:$A$486))),"")) -> 305289 | E16: 305660 | F16: =IFERROR(E16-D16,0) -> 371 | G16: Gasolina | H16: 47.497 | I16: 28.98 | J16: =H16*I16 -> 1376.4631 | K16: =IFERROR(F16/H16,0) -> 7.8110196
A17: =ROW()-4 -> 13 | B17: 46240 | C17: U-338 | D17: 0 | E17: 170451 | F17: =IFERROR(E17-D17,0) -> 170451 | G17: Diesel | H17: 119.851 | I17: 27 | J17: =H17*I17 -> 3235.977 | K17: =IFERROR(F17/H17,0) -> 1422.1909
A18: =ROW()-4 -> 14 | B18: 46240 | C18: U-554 | D18: =IF(C18="","",IFERROR(INDEX($E$5:$E$486,SUMPRODUCT(MAX(($C$5:$C$486=C18)*($A$5:$A$486<A18)*$A$5:$A$486))),"")) -> 206519 | E18: 206519 | F18: =IFERROR(E18-D18,0) -> 0 | G18: Diesel | H18: 28.403 | I18: 27 | J18: =H18*I18 -> 766.881 | K18: =IFERROR(F18/H18,0) -> 0
A19: =ROW()-4 -> 15 | B19: 46240 | C19: U-560 | D19: =IF(C19="","",IFERROR(INDEX($E$5:$E$486,SUMPRODUCT(MAX(($C$5:$C$486=C19)*($A$5:$A$486<A19)*$A$5:$A$486))),"")) -> 275208 | E19: 275514 | F19: =IFERROR(E19-D19,0) -> 306 | G19: Diesel | H19: 48.449 | I19: 27 | J19: =H19*I19 -> 1308.123 | K19: =IFERROR(F19/H19,0) -> 6.3159198
A20: =ROW()-4 -> 16 | B20: 46240 | C20: U-614 | D20: =IF(C20="","",IFERROR(INDEX($E$5:$E$486,SUMPRODUCT(MAX(($C$5:$C$486=C20)*($A$5:$A$486<A20)*$A$5:$A$486))),"")) -> 175127 | E20: 175357 | F20: =IFERROR(E20-D20,0) -> 230 | G20: Gasolina | H20: 37.261 | I20: 23.98 | J20: =H20*I20 -> 893.51878 | K20: =IFERROR(F20/H20,0) -> 6.1726738
A21: =ROW()-4 -> 17 | B21: 46240 | C21: Celaje | D21: =IF(C21="","",IFERROR(INDEX($E$5:$E$486,SUMPRODUCT(MAX(($C$5:$C$486=C21)*($A$5:$A$486<A21)*$A$5:$A$486))),"")) -> 0 | F21: =IFERROR(E21-D21,0) -> 0 | G21: Gasolina | H21: 3 | I21: 23.98 | J21: =H21*I21 -> 71.94 | K21: =IFERROR(F21/H21,0) -> 0
A22: =ROW()-4 -> 18 | B22: 46241 | C22: U-293 | D22: =IF(C22="","",IFERROR(INDEX($E$5:$E$486,SUMPRODUCT(MAX(($C$5:$C$486=C22)*($A$5:$A$486<A22)*$A$5:$A$486))),"")) -> 530546 | E22: 530546 | F22: =IFERROR(E22-D22,0) -> 0 | G22: Gasolina | H22: 25.143 | I22: 23.98 | J22: =H22*I22 -> 602.92914 | K22: =IFERROR(F22/H22,0) -> 0
A23: =ROW()-4 -> 19 | B23: 46241 | C23: U-549 | D23: =IF(C23="","",IFERROR(INDEX($E$5:$E$486,SUMPRODUCT(MAX(($C$5:$C$486=C23)*($A$5:$A$486<A23)*$A$5:$A$486))),"")) -> 213702 | E23: 214087 | F23: =IFERROR(E23-D23,0) -> 385 | G23: Diesel | H23: 56.947 | I23: 27 | J23: =H23*I23 -> 1537.569 | K23: =IFERROR(F23/H23,0) -> 6.7606722
A24: =ROW()-4 -> 20 | B24: 46241 | C24: U-551 | D24: =IF(C24="","",IFERROR(INDEX($E$5:$E$486,SUMPRODUCT(MAX(($C$5:$C$486=C24)*($A$5:$A$486<A24)*$A$5:$A$486))),"")) -> 183057 | E24: 183057 | F24: =IFERROR(E24-D24,0) -> 0 | G24: Diesel | H24: 58.141 | I24: 27 | J24: =H24*I24 -> 1569.807 | K24: =IFERROR(F24/H24,0) -> 0
A25: =ROW()-4 -> 21 | B25: 46241 | C25: U-562 | D25: =IF(C25="","",IFERROR(INDEX($E$5:$E$486,SUMPRODUCT(MAX(($C$5:$C$486=C25)*($A$5:$A$486<A25)*$A$5:$A$486))),"")) -> 205992 | E25: 205992 | F25: =IFERROR(E25-D25,0) -> 0 | G25: Diesel | H25: 55.235 | I25: 27 | J25: =H25*I25 -> 1491.345 | K25: =IFERROR(F25/H25,0) -> 0
A26: =ROW()-4 -> 22 | B26: 46241 | C26: U-588 | D26: =IF(C26="","",IFERROR(INDEX($E$5:$E$486,SUMPRODUCT(MAX(($C$5:$C$486=C26)*($A$5:$A$486<A26)*$A$5:$A$486))),"")) -> 309157 | E26: 309157 | F26: =IFERROR(E26-D26,0) -> 0 | G26: Gasolina | H26: 64.49 | I26: 23.98 | J26: =H26*I26 -> 1546.4702 | K26: =IFERROR(F26/H26,0) -> 0
A27: =ROW()-4 -> 23 | B27: 46241 | C27: U-592 | D27: =IF(C27="","",IFERROR(INDEX($E$5:$E$486,SUMPRODUCT(MAX(($C$5:$C$486=C27)*($A$5:$A$486<A27)*$A$5:$A$486))),"")) -> 248349 | E27: 248743 | F27: =IFERROR(E27-D27,0) -> 394 | G27: Gasolina | H27: 60.217 | I27: 28.98 | J27: =H27*I27 -> 1745.0887 | K27: =IFERROR(F27/H27,0) -> 6.5430028
A28: =ROW()-4 -> 24 | B28: 46241 | C28: U-614 | D28: =IF(C28="","",IFERROR(INDEX($E$5:$E$486,SUMPRODUCT(MAX(($C$5:$C$486=C28)*($A$5:$A$486<A28)*$A$5:$A$486))),"")) -> 175357 | E28: 175565 | F28: =IFERROR(E28-D28,0) -> 208 | G28: Gasolina | H28: 31.936 | I28: 28.98 | J28: =H28*I28 -> 925.50528 | K28: =IFERROR(F28/H28,0) -> 6.5130261
A29: =ROW()-4 -> 25 | B29: 46241 | C29: U-674 | D29: =IF(C29="","",IFERROR(INDEX($E$5:$E$486,SUMPRODUCT(MAX(($C$5:$C$486=C29)*($A$5:$A$486<A29)*$A$5:$A$486))),"")) -> 4509 | E29: 4509 | F29: =IFERROR(E29-D29,0) -> 0 | G29: Gasolina | H29: 39.205 | I29: 23.98 | J29: =H29*I29 -> 940.1359 | K29: =IFERROR(F29/H29,0) -> 0
A30: =ROW()-4 -> 26 | B30: 46241 | C30: U-581 | D30: =IF(C30="","",IFERROR(INDEX($E$5:$E$486,SUMPRODUCT(MAX(($C$5:$C$486=C30)*($A$5:$A$486<A30)*$A$5:$A$486))),"")) -> 305660 | E30: 306015 | F30: =IFERROR(E30-D30,0) -> 355 | G30: Gasolina | H30: 42.497 | I30: 23.98 | J30: =H30*I30 -> 1019.0781 | K30: =IFERROR(F30/H30,0) -> 8.3535308
A31: =ROW()-4 -> 27 | B31: 46244 | C31: U-551 | D31: =IF(C31="","",IFERROR(INDEX($E$5:$E$486,SUMPRODUCT(MAX(($C$5:$C$486=C31)*($A$5:$A$486<A31)*$A$5:$A$486))),"")) -> 183057 | E31: 183316 | F31: =IFERROR(E31-D31,0) -> 259 | G31: Diesel | H31: 41.955 | I31: 27 | J31: =H31*I31 -> 1132.785 | K31: =IFERROR(F31/H31,0) -> 6.1732809
A32: =ROW()-4 -> 28 | B32: 46244 | C32: U-554 | D32: =IF(C32="","",IFERROR(INDEX($E$5:$E$486,SUMPRODUCT(MAX(($C$5:$C$486=C32)*($A$5:$A$486<A32)*$A$5:$A$486))),"")) -> 206519 | E32: 206699 | F32: =IFERROR(E32-D32,0) -> 180 | G32: Diesel | H32: 33.938 | I32: 27 | J32: =H32*I32 -> 916.326 | K32: =IFERROR(F32/H32,0) -> 5.3037893
A33: =ROW()-4 -> 29 | B33: 46244 | C33: U-560 | D33: =IF(C33="","",IFERROR(INDEX($E$5:$E$486,SUMPRODUCT(MAX(($C$5:$C$486=C33)*($A$5:$A$486<A33)*$A$5:$A$486))),"")) -> 275514 | E33: 275697 | F33: =IFERROR(E33-D33,0) -> 183 | G33: Diesel | H33: 31.165 | I33: 27 | J33: =H33*I33 -> 841.455 | K33: =IFERROR(F33/H33,0) -> 5.8719718
... A43: =ROW()-4 -> 39 | B43: 46245 | C43: U-675 | D43: =IF(C43="","",IFERROR(INDEX($E$5:$E$486,SUMPRODUCT(MAX(($C$5:$C$486=C43)*($A$5:$A$486<A43)*$A$5:$A$486))),"")) -> 1142 | E43: 1142 | F43: =IFERROR(E43-D43,0) -> 0 | G43: Diesel | H43: 41.33 | I43: 27 | J43: =H43*I43 -> 1115.91 | K43: =IFERROR(F43/H43,0) -> 0
A44: =ROW()-4 -> 40 | B44: 46245 | C44: Celaje | D44: =IF(C44="","",IFERROR(INDEX($E$5:$E$486,SUMPRODUCT(MAX(($C$5:$C$486=C44)*($A$5:$A$486<A44)*$A$5:$A$486))),"")) -> 0 | F44: =IFERROR(E44-D44,0) -> 0 | G44: Gasolina | H44: 4 | I44: 23.98 | J44: =H44*I44 -> 95.92 | K44: =IFERROR(F44/H44,0) -> 0
A45: =ROW()-4 -> 41 | B45: 46246 | C45: U-614 | D45: =IF(C45="","",IFERROR(INDEX($E$5:$E$486,SUMPRODUCT(MAX(($C$5:$C$486=C45)*($A$5:$A$486<A45)*$A$5:$A$486))),"")) -> 176000 | E45: 176217 | F45: =IFERROR(E45-D45,0) -> 217 | G45: Gasolina | H45: 30.815 | I45: 23.98 | J45: =H45*I45 -> 738.9437 | K45: =IFERROR(F45/H45,0) -> 7.042025
A46: =ROW()-4 -> 42 | B46: 46247 | C46: U-338 | D46: =IF(C46="","",IFERROR(INDEX($E$5:$E$486,SUMPRODUCT(MAX(($C$5:$C$486=C46)*($A$5:$A$486<A46)*$A$5:$A$486))),"")) -> 170451 | E46: 170787 | F46: =IFERROR(E46-D46,0) -> 336 | G46: Diesel | H46: 122.003 | I46: 27 | J46: =H46*I46 -> 3294.081 | K46: =IFERROR(F46/H46,0) -> 2.7540306
A47: =ROW()-4 -> 43 | B47: 46247 | C47: U-551 | D47: =IF(C47="","",IFERROR(INDEX($E$5:$E$486,SUMPRODUCT(MAX(($C$5:$C$486=C47)*($A$5:$A$486<A47)*$A$5:$A$486))),"")) -> 183316 | E47: 183600 | F47: =IFERROR(E47-D47,0) -> 284 | G47: Diesel | H47: 50.949 | I47: 27 | J47: =H47*I47 -> 1375.623 | K47: =IFERROR(F47/H47,0) -> 5.5742017
A48: =ROW()-4 -> 44 | B48: 46247 | C48: U-614 | D48: =IF(C48="","",IFERROR(INDEX($E$5:$E$486,SUMPRODUCT(MAX(($C$5:$C$486=C48)*($A$5:$A$486<A48)*$A$5:$A$486))),"")) -> 176217 | E48: 176416 | F48: =IFERROR(E48-D48,0) -> 199 | G48: Gasolina | H48: 29.061 | I48: 23.98 | J48: =H48*I48 -> 696.88278 | K48: =IFERROR(F48/H48,0) -> 6.8476653
A49: =ROW()-4 -> 45 | B49: 46247 | C49: U-598 | D49: =IF(C49="","",IFERROR(INDEX($E$5:$E$486,SUMPRODUCT(MAX(($C$5:$C$486=C49)*($A$5:$A$486<A49)*$A$5:$A$486))),"")) -> 269257 | E49: 269602 | F49: =IFERROR(E49-D49,0) -> 345 | G49: Gasolina | H49: 39.67 | I49: 23.98 | J49: =H49*I49 -> 951.2866 | K49: =IFERROR(F49/H49,0) -> 8.6967482
A50: =ROW()-4 -> 46 | B50: 46247 | C50: otros | D50: =IF(C50="","",IFERROR(INDEX($E$5:$E$486,SUMPRODUCT(MAX(($C$5:$C$486=C50)*($A$5:$A$486<A50)*$A$5:$A$486))),"")) -> 0 | F50: =IFERROR(E50-D50,0) -> 0 | G50: Gasolina | H50: 3 | I50: 23.98 | J50: =H50*I50 -> 71.94 | K50: =IFERROR(F50/H50,0) -> 0
A51: =ROW()-4 -> 47 | B51: 46248 | C51: U-554 | D51: =IF(C51="","",IFERROR(INDEX($E$5:$E$486,SUMPRODUCT(MAX(($C$5:$C$486=C51)*($A$5:$A$486<A51)*$A$5:$A$486))),"")) -> 206699 | E51: 206846 | F51: =IFERROR(E51-D51,0) -> 147 | G51: Diesel | H51: 35.962 | I51: 27 | J51: =H51*I51 -> 970.974 | K51: =IFERROR(F51/H51,0) -> 4.0876481
A52: =ROW()-4 -> 48 | B52: 46248 | C52: U-559 | D52: =IF(C52="","",IFERROR(INDEX($E$5:$E$486,SUMPRODUCT(MAX(($C$5:$C$486=C52)*($A$5:$A$486<A52)*$A$5:$A$486))),"")) -> 230369 | E52: 230369 | F52: =IFERROR(E52-D52,0) -> 0 | G52: Diesel | H52: 46.611 | I52: 27 | J52: =H52*I52 -> 1258.497 | K52: =IFERROR(F52/H52,0) -> 0
A53: =ROW()-4 -> 49 | B53: 46248 | C53: U-588 | D53: =IF(C53="","",IFERROR(INDEX($E$5:$E$486,SUMPRODUCT(MAX(($C$5:$C$486=C53)*($A$5:$A$486<A53)*$A$5:$A$486))),"")) -> 309352 | E53: 309636 | F53: =IFERROR(E53-D53,0) -> 284 | G53: Gasolina | H53: 50.359 | I53: 23.98 | J53: =H53*I53 -> 1207.6088 | K53: =IFERROR(F53/H53,0) -> 5.6395083
A54: =ROW()-4 -> 50 | B54: 46248 | C54: U-592 | D54: =IF(C54="","",IFERROR(INDEX($E$5:$E$486,SUMPRODUCT(MAX(($C$5:$C$486=C54)*($A$5:$A$486<A54)*$A$5:$A$486))),"")) -> 249055 | E54: 249485 | F54: =IFERROR(E54-D54,0) -> 430 | G54: Gasolina | H54: 65.898 | I54: 23.98 | J54: =H54*I54 -> 1580.234 | K54: =IFERROR(F54/H54,0) -> 6.525236
A55: =ROW()-4 -> 51 | B55: 46248 | C55: U-593 | D55: =IF(C55="","",IFERROR(INDEX($E$5:$E$486,SUMPRODUCT(MAX(($C$5:$C$486=C55)*($A$5:$A$486<A55)*$A$5:$A$486))),"")) -> 217381 | E55: 217381 | F55: =IFERROR(E55-D55,0) -> 0 | G55: Gasolina | H55: 42.276 | I55: 23.98 | J55: =H55*I55 -> 1013.7785 | K55: =IFERROR(F55/H55,0) -> 0
A56: =ROW()-4 -> 52 | B56: 46248 | C56: U-614 | D56: =IF(C56="","",IFERROR(INDEX($E$5:$E$486,SUMPRODUCT(MAX(($C$5:$C$486=C56)*($A$5:$A$486<A56)*$A$5:$A$486))),"")) -> 176416 | E56: 176613 | F56: =IFERROR(E56-D56,0) -> 197 | G56: Gasolina | H56: 28.484 | I56: 23.98 | J56: =H56*I56 -> 683.04632 | K56: =IFERROR(F56/H56,0) -> 6.9161635
A57: =ROW()-4 -> 53 | B57: 46248 | C57: U-675 | D57: =IF(C57="","",IFERROR(INDEX($E$5:$E$486,SUMPRODUCT(MAX(($C$5:$C$486=C57)*($A$5:$A$486<A57)*$A$5:$A$486))),"")) -> 1142 | E57: 1633 | F57: =IFERROR(E57-D57,0) -> 491 | G57: Diesel | H57: 43.58 | I57: 27 | J57: =H57*I57 -> 1176.66 | K57: =IFERROR(F57/H57,0) -> 11.266636
A58: =ROW()-4 -> 54 | B58: 46248 | C58: otros | D58: =IF(C58="","",IFERROR(INDEX($E$5:$E$486,SUMPRODUCT(MAX(($C$5:$C$486=C58)*($A$5:$A$486<A58)*$A$5:$A$486))),"")) -> 0 | F58: =IFERROR(E58-D58,0) -> 0 | G58: Gasolina | H58: 3 | I58: 23.98 | J58: =H58*I58 -> 71.94 | K58: =IFERROR(F58/H58,0) -> 0
A59: =ROW()-4 -> 55 | B59: 46248 | C59: otros | D59: =IF(C59="","",IFERROR(INDEX($E$5:$E$486,SUMPRODUCT(MAX(($C$5:$C$486=C59)*($A$5:$A$486<A59)*$A$5:$A$486))),"")) -> 0 | F59: =IFERROR(E59-D59,0) -> 0 | G59: Gasolina | H59: 5 | I59: 23.98 | J59: =H59*I59 -> 119.9 | K59: =IFERROR(F59/H59,0) -> 0
A60: =ROW()-4 -> 56 | B60: 46248 | C60: otros | D60: =IF(C60="","",IFERROR(INDEX($E$5:$E$486,SUMPRODUCT(MAX(($C$5:$C$486=C60)*($A$5:$A$486<A60)*$A$5:$A$486))),"")) -> 0 | F60: =IFERROR(E60-D60,0) -> 0 | G60: Gasolina | H60: 3.942 | I60: 27 | J60: =H60*I60 -> 106.434 | K60: =IFERROR(F60/H60,0) -> 0
A61: =ROW()-4 -> 57 | B61: 46251 | C61: U-274 | D61: =IF(C61="","",IFERROR(INDEX($E$5:$E$486,SUMPRODUCT(MAX(($C$5:$C$486=C61)*($A$5:$A$486<A61)*$A$5:$A$486))),"")) -> 121095 | E61: 121095 | F61: =IFERROR(E61-D61,0) -> 0 | G61: Diesel | H61: 113.284 | I61: 27 | J61: =H61*I61 -> 3058.668 | K61: =IFERROR(F61/H61,0) -> 0
A62: =ROW()-4 -> 58 | B62: 46251 | C62: U-545 | D62: =IF(C62="","",IFERROR(INDEX($E$5:$E$486,SUMPRODUCT(MAX(($C$5:$C$486=C62)*($A$5:$A$486<A62)*$A$5:$A$486))),"")) -> 205752 | E62: 206147 | F62: =IFERROR(E62-D62,0) -> 395 | G62: Diesel | H62: 54.294 | I62: 27 | J62: =H62*I62 -> 1465.938 | K62: =IFERROR(F62/H62,0) -> 7.2752054
A63: =ROW()-4 -> 59 | B63: 46251 | C63: U-559 | D63: =IF(C63="","",IFERROR(INDEX($E$5:$E$486,SUMPRODUCT(MAX(($C$5:$C$486=C63)*($A$5:$A$486<A63)*$A$5:$A$486))),"")) -> 230369 | E63: 230682 | F63: =IFERROR(E63-D63,0) -> 313 | G63: Diesel | H63: 39.402 | I63: 27 | J63: =H63*I63 -> 1063.854 | K63: =IFERROR(F63/H63,0) -> 7.9437592
A64: =ROW()-4 -> 60 | B64: 46251 | C64: U-560 | D64: =IF(C64="","",IFERROR(INDEX($E$5:$E$486,SUMPRODUCT(MAX(($C$5:$C$486=C64)*($A$5:$A$486<A64)*$A$5:$A$486))),"")) -> 275697 | E64: 275904 | F64: =IFERROR(E64-D64,0) -> 207 | G64: Diesel | H64: 49.975 | I64: 27 | J64: =H64*I64 -> 1349.325 | K64: =IFERROR(F64/H64,0) -> 4.142071
A65: =ROW()-4 -> 61 | B65: 46251 | C65: U-562 | D65: =IF(C65="","",IFERROR(INDEX($E$5:$E$486,SUMPRODUCT(MAX(($C$5:$C$486=C65)*($A$5:$A$486<A65)*$A$5:$A$486))),"")) -> 205992 | E65: 206319 | F65: =IFERROR(E65-D65,0) -> 327 | G65: Diesel | H65: 51.319 | I65: 27 | J65: =H65*I65 -> 1385.613 | K65: =IFERROR(F65/H65,0) -> 6.371909
A66: =ROW()-4 -> 62 | B66: 46251 | C66: U-576 | D66: =IF(C66="","",IFERROR(INDEX($E$5:$E$486,SUMPRODUCT(MAX(($C$5:$C$486=C66)*($A$5:$A$486<A66)*$A$5:$A$486))),"")) -> 111662 | E66: 111879 | F66: =IFERROR(E66-D66,0) -> 217 | G66: Diesel | H66: 80.377 | I66: 23.98 | J66: =H66*I66 -> 1927.4405 | K66: =IFERROR(F66/H66,0) -> 2.6997773
A67: =ROW()-4 -> 63 | B67: 46251 | C67: U-614 | D67: =IF(C67="","",IFERROR(INDEX($E$5:$E$486,SUMPRODUCT(MAX(($C$5:$C$486=C67)*($A$5:$A$486<A67)*$A$5:$A$486))),"")) -> 176613 | E67: 176940 | F67: =IFERROR(E67-D67,0) -> 327 | G67: Gasolina | H67: 36.743 | I67: 23.98 | J67: =H67*I67 -> 881.09714 | K67: =IFERROR(F67/H67,0) -> 8.8996544
A68: =ROW()-4 -> 64 | B68: 46251 | C68: Maq. Soldar | D68: =IF(C68="","",IFERROR(INDEX($E$5:$E$486,SUMPRODUCT(MAX(($C$5:$C$486=C68)*($A$5:$A$486<A68)*$A$5:$A$486))),"")) -> 3587 | E68: 3574 | F68: =IFERROR(E68-D68,0) -> -13 | G68: Diesel | H68: 15.744 | I68: 27 | J68: =H68*I68 -> 425.088 | K68: =IFERROR(F68/H68,0) -> -0.82571138
A69: =ROW()-4 -> 65 | B69: 46252 | C69: U-554 | D69: =IF(C69="","",IFERROR(INDEX($E$5:$E$486,SUMPRODUCT(MAX(($C$5:$C$486=C69)*($A$5:$A$486<A69)*$A$5:$A$486))),"")) -> 206846 | E69: 206996 | F69: =IFERROR(E69-D69,0) -> 150 | G69: Diesel | H69: 33.331 | I69: 27 | J69: =H69*I69 -> 899.937 | K69: =IFERROR(F69/H69,0) -> 4.500315
A70: =ROW()-4 -> 66 | B70: 46252 | C70: U-566 | D70: =IF(C70="","",IFERROR(INDEX($E$5:$E$486,SUMPRODUCT(MAX(($C$5:$C$486=C70)*($A$5:$A$486<A70)*$A$5:$A$486))),"")) -> 200867 | E70: 200867 | F70: =IFERROR(E70-D70,0) -> 0 | G70: Diesel | H70: 48.58 | I70: 27 | J70: =H70*I70 -> 1311.66 | K70: =IFERROR(F70/H70,0) -> 0
A71: =ROW()-4 -> 67 | B71: 46252 | C71: U-592 | D71: =IF(C71="","",IFERROR(INDEX($E$5:$E$486,SUMPRODUCT(MAX(($C$5:$C$486=C71)*($A$5:$A$486<A71)*$A$5:$A$486))),"")) -> 249485 | E71: 249767 | F71: =IFERROR(E71-D71,0) -> 282 | G71: Gasolina | H71: 37.586 | I71: 23.98 | J71: =H71*I71 -> 901.31228 | K71: =IFERROR(F71/H71,0) -> 7.5027936
A72: =ROW()-4 -> 68 | B72: 46252 | C72: U-598 | D72: =IF(C72="","",IFERROR(INDEX($E$5:$E$486,SUMPRODUCT(MAX(($C$5:$C$486=C72)*($A$5:$A$486<A72)*$A$5:$A$486))),"")) -> 269602 | E72: 269905 | F72: =IFERROR(E72-D72,0) -> 303 | G72: Gasolina | H72: 35.793 | I72: 23.98 | J72: =H72*I72 -> 858.31614 | K72: =IFERROR(F72/H72,0) -> 8.4653424
... A81: =ROW()-4 -> 77 | B81: 46254 | C81: U-614 | D81: =IF(C81="","",IFERROR(INDEX($E$5:$E$486,SUMPRODUCT(MAX(($C$5:$C$486=C81)*($A$5:$A$486<A81)*$A$5:$A$486))),"")) -> 177290 | E81: 177498 | F81: =IFERROR(E81-D81,0) -> 208 | G81: Gasolina | H81: 32.012 | I81: 23.98 | J81: =H81*I81 -> 767.64776 | K81: =IFERROR(F81/H81,0) -> 6.4975634
A82: =ROW()-4 -> 78 | B82: 46254 | C82: otros | D82: =IF(C82="","",IFERROR(INDEX($E$5:$E$486,SUMPRODUCT(MAX(($C$5:$C$486=C82)*($A$5:$A$486<A82)*$A$5:$A$486))),"")) -> 0 | F82: =IFERROR(E82-D82,0) -> 0 | G82: Gasolina | H82: 9.243 | I82: 23.98 | J82: =H82*I82 -> 221.64714 | K82: =IFERROR(F82/H82,0) -> 0
A83: =ROW()-4 -> 79 | B83: 46255 | C83: U-551 | D83: =IF(C83="","",IFERROR(INDEX($E$5:$E$486,SUMPRODUCT(MAX(($C$5:$C$486=C83)*($A$5:$A$486<A83)*$A$5:$A$486))),"")) -> 183600 | E83: 183864 | F83: =IFERROR(E83-D83,0) -> 264 | G83: Diesel | H83: 55.663 | I83: 27 | J83: =H83*I83 -> 1502.901 | K83: =IFERROR(F83/H83,0) -> 4.7428274
A84: =ROW()-4 -> 80 | B84: 46255 | C84: U-559 | D84: =IF(C84="","",IFERROR(INDEX($E$5:$E$486,SUMPRODUCT(MAX(($C$5:$C$486=C84)*($A$5:$A$486<A84)*$A$5:$A$486))),"")) -> 230682 | E84: 231012 | F84: =IFERROR(E84-D84,0) -> 330 | G84: Diesel | H84: 38.913 | I84: 27 | J84: =H84*I84 -> 1050.651 | K84: =IFERROR(F84/H84,0) -> 8.4804564
A85: =ROW()-4 -> 81 | B85: 46255 | C85: U-592 | D85: =IF(C85="","",IFERROR(INDEX($E$5:$E$486,SUMPRODUCT(MAX(($C$5:$C$486=C85)*($A$5:$A$486<A85)*$A$5:$A$486))),"")) -> 249767 | E85: 250208 | F85: =IFERROR(E85-D85,0) -> 441 | G85: Gasolina | H85: 63.23 | I85: 23.98 | J85: =H85*I85 -> 1516.2554 | K85: =IFERROR(F85/H85,0) -> 6.9745374
A86: =ROW()-4 -> 82 | B86: 46255 | C86: U-614 | D86: =IF(C86="","",IFERROR(INDEX($E$5:$E$486,SUMPRODUCT(MAX(($C$5:$C$486=C86)*($A$5:$A$486<A86)*$A$5:$A$486))),"")) -> 177498 | E86: 177708 | F86: =IFERROR(E86-D86,0) -> 210 | G86: Gasolina | H86: 32.562 | I86: 23.98 | J86: =H86*I86 -> 780.83676 | K86: =IFERROR(F86/H86,0) -> 6.4492353
A87: =ROW()-4 -> 83 | B87: 46255 | C87: U-579 | D87: =IF(C87="","",IFERROR(INDEX($E$5:$E$486,SUMPRODUCT(MAX(($C$5:$C$486=C87)*($A$5:$A$486<A87)*$A$5:$A$486))),"")) -> 291020 | E87: 291020 | F87: =IFERROR(E87-D87,0) -> 0 | G87: Gasolina | H87: 40.586 | I87: 23.98 | J87: =H87*I87 -> 973.25228 | K87: =IFERROR(F87/H87,0) -> 0
A88: =ROW()-4 -> 84 | B88: 46258 | C88: U-274 | D88: =IF(C88="","",IFERROR(INDEX($E$5:$E$486,SUMPRODUCT(MAX(($C$5:$C$486=C88)*($A$5:$A$486<A88)*$A$5:$A$486))),"")) -> 121095 | E88: 121314 | F88: =IFERROR(E88-D88,0) -> 219 | G88: Diesel | H88: 79.608 | I88: 27 | J88: =H88*I88 -> 2149.416 | K88: =IFERROR(F88/H88,0) -> 2.7509798
A89: =ROW()-4 -> 85 | B89: 46258 | C89: U-554 | D89: =IF(C89="","",IFERROR(INDEX($E$5:$E$486,SUMPRODUCT(MAX(($C$5:$C$486=C89)*($A$5:$A$486<A89)*$A$5:$A$486))),"")) -> 206996 | E89: 207156 | F89: =IFERROR(E89-D89,0) -> 160 | G89: Diesel | H89: 31.868 | I89: 27 | J89: =H89*I89 -> 860.436 | K89: =IFERROR(F89/H89,0) -> 5.0207104
A90: =ROW()-4 -> 86 | B90: 46258 | C90: U-559 | D90: =IF(C90="","",IFERROR(INDEX($E$5:$E$486,SUMPRODUCT(MAX(($C$5:$C$486=C90)*($A$5:$A$486<A90)*$A$5:$A$486))),"")) -> 231012 | E90: 231282 | F90: =IFERROR(E90-D90,0) -> 270 | G90: Diesel | H90: 31.112 | I90: 27 | J90: =H90*I90 -> 840.024 | K90: =IFERROR(F90/H90,0) -> 8.6783235
A91: =ROW()-4 -> 87 | B91: 46258 | C91: U-560 | D91: =IF(C91="","",IFERROR(INDEX($E$5:$E$486,SUMPRODUCT(MAX(($C$5:$C$486=C91)*($A$5:$A$486<A91)*$A$5:$A$486))),"")) -> 276250 | E91: 276592 | F91: =IFERROR(E91-D91,0) -> 342 | G91: Diesel | H91: 46.962 | I91: 27 | J91: =H91*I91 -> 1267.974 | K91: =IFERROR(F91/H91,0) -> 7.2824837
A92: =ROW()-4 -> 88 | B92: 46258 | C92: U-562 | D92: =IF(C92="","",IFERROR(INDEX($E$5:$E$486,SUMPRODUCT(MAX(($C$5:$C$486=C92)*($A$5:$A$486<A92)*$A$5:$A$486))),"")) -> 206319 | E92: 206472 | F92: =IFERROR(E92-D92,0) -> 153 | G92: Diesel | H92: 31.818 | I92: 27 | J92: =H92*I92 -> 859.086 | K92: =IFERROR(F92/H92,0) -> 4.8085989
A93: =ROW()-4 -> 89 | B93: 46258 | C93: U-566 | D93: =IF(C93="","",IFERROR(INDEX($E$5:$E$486,SUMPRODUCT(MAX(($C$5:$C$486=C93)*($A$5:$A$486<A93)*$A$5:$A$486))),"")) -> 200867 | E93: 201112 | F93: =IFERROR(E93-D93,0) -> 245 | G93: Diesel | H93: 31.145 | I93: 27.0435 | J93: =H93*I93 -> 842.26981 | K93: =IFERROR(F93/H93,0) -> 7.8664312
A94: =ROW()-4 -> 90 | B94: 46258 | C94: U-598 | D94: =IF(C94="","",IFERROR(INDEX($E$5:$E$486,SUMPRODUCT(MAX(($C$5:$C$486=C94)*($A$5:$A$486<A94)*$A$5:$A$486))),"")) -> 269905 | E94: 270319 | F94: =IFERROR(E94-D94,0) -> 414 | G94: Gasolina | H94: 50.347 | I94: 23.98 | J94: =H94*I94 -> 1207.3211 | K94: =IFERROR(F94/H94,0) -> 8.2229328
... A123: =ROW()-4 -> 119 | B123: 46265 | C123: U-579 | D123: =IF(C123="","",IFERROR(INDEX($E$5:$E$486,SUMPRODUCT(MAX(($C$5:$C$486=C123)*($A$5:$A$486<A123)*$A$5:$A$486))),"")) -> 291249 | E123: 291526 | F123: =IFERROR(E123-D123,0) -> 277 | G123: Gasolina | H123: 46.035 | I123: 23.98 | J123: =H123*I123 -> 1103.9193 | K123: =IFERROR(F123/H123,0) -> 6.0171609
A124: =ROW()-4 -> 120 | B124: 46265 | C124: otros | D124: =IF(C124="","",IFERROR(INDEX($E$5:$E$486,SUMPRODUCT(MAX(($C$5:$C$486=C124)*($A$5:$A$486<A124)*$A$5:$A$486))),"")) -> 0 | F124: =IFERROR(E124-D124,0) -> 0 | G124: Gasolina | H124: 10 | I124: 23.98 | J124: =H124*I124 -> 239.8 | K124: =IFERROR(F124/H124,0) -> 0
A125: =ROW()-4 -> 121 | B125: 46266 | C125: U-274 | D125: =IF(C125="","",IFERROR(INDEX($E$5:$E$486,SUMPRODUCT(MAX(($C$5:$C$486=C125)*($A$5:$A$486<A125)*$A$5:$A$486))),"")) -> 121314 | E125: 121600 | F125: =IFERROR(E125-D125,0) -> 286 | G125: =IF(C125="","",IFERROR(VLOOKUP(C125,Listas!$A$2:$C$39,3,FALSE()),"Asigna combustible en hoja Listas")) -> Diesel | H125: 110.007 | I125: 27 | J125: =H125*I125 -> 2970.189 | K125: =IFERROR(F125/H125,0) -> 2.5998346
A126: =ROW()-4 -> 122 | B126: 46266 | C126: U-592 | D126: =IF(C126="","",IFERROR(INDEX($E$5:$E$486,SUMPRODUCT(MAX(($C$5:$C$486=C126)*($A$5:$A$486<A126)*$A$5:$A$486))),"")) -> 250874 | E126: 251148 | F126: =IFERROR(E126-D126,0) -> 274 | G126: =IF(C126="","",IFERROR(VLOOKUP(C126,Listas!$A$2:$C$39,3,FALSE()),"Asigna combustible en hoja Listas")) -> Gasolina | H126: 39.927 | I126: 23.98 | J126: =H126*I126 -> 957.44946 | K126: =IFERROR(F126/H126,0) -> 6.8625241
A127: =ROW()-4 -> 123 | B127: 46266 | C127: U-614 | D127: =IF(C127="","",IFERROR(INDEX($E$5:$E$486,SUMPRODUCT(MAX(($C$5:$C$486=C127)*($A$5:$A$486<A127)*$A$5:$A$486))),"")) -> 179058 | E127: 179290 | F127: =IFERROR(E127-D127,0) -> 232 | G127: =IF(C127="","",IFERROR(VLOOKUP(C127,Listas!$A$2:$C$39,3,FALSE()),"Asigna combustible en hoja Listas")) -> Gasolina | H127: 36.396 | I127: 23.98 | J127: =H127*I127 -> 872.77608 | K127: =IFERROR(F127/H127,0) -> 6.3743268
A128: =ROW()-4 -> 124 | B128: 46267 | C128: U-549 | D128: =IF(C128="","",IFERROR(INDEX($E$5:$E$486,SUMPRODUCT(MAX(($C$5:$C$486=C128)*($A$5:$A$486<A128)*$A$5:$A$486))),"")) -> 214087 | E128: 214325 | F128: =IFERROR(E128-D128,0) -> 238 | G128: =IF(C128="","",IFERROR(VLOOKUP(C128,Listas!$A$2:$C$39,3,FALSE()),"Asigna combustible en hoja Listas")) -> Diesel | H128: 39.946 | I128: 27 | J128: =H128*I128 -> 1078.542 | K128: =IFERROR(F128/H128,0) -> 5.9580434
A129: =ROW()-4 -> 125 | B129: 46267 | C129: U-598 | D129: =IF(C129="","",IFERROR(INDEX($E$5:$E$486,SUMPRODUCT(MAX(($C$5:$C$486=C129)*($A$5:$A$486<A129)*$A$5:$A$486))),"")) -> 270633 | E129: 271045 | F129: =IFERROR(E129-D129,0) -> 412 | G129: =IF(C129="","",IFERROR(VLOOKUP(C129,Listas!$A$2:$C$39,3,FALSE()),"Asigna combustible en hoja Listas")) -> Gasolina | H129: 49.171 | I129: 23.98 | J129: =H129*I129 -> 1179.1206 | K129: =IFERROR(F129/H129,0) -> 8.3789225
A130: =ROW()-4 -> 126 | B130: 46267 | C130: U-614 | D130: =IF(C130="","",IFERROR(INDEX($E$5:$E$486,SUMPRODUCT(MAX(($C$5:$C$486=C130)*($A$5:$A$486<A130)*$A$5:$A$486))),"")) -> 179290 | E130: 179522 | F130: =IFERROR(E130-D130,0) -> 232 | G130: =IF(C130="","",IFERROR(VLOOKUP(C130,Listas!$A$2:$C$39,3,FALSE()),"Asigna combustible en hoja Listas")) -> Gasolina | H130: 37.485 | I130: 23.98 | J130: =H130*I130 -> 898.8903 | K130: =IFERROR(F130/H130,0) -> 6.1891423
A131: =ROW()-4 -> 127 | B131: 46267 | C131: U-675 | D131: =IF(C131="","",IFERROR(INDEX($E$5:$E$486,SUMPRODUCT(MAX(($C$5:$C$486=C131)*($A$5:$A$486<A131)*$A$5:$A$486))),"")) -> 3082 | E131: 3811.1 | F131: =IFERROR(E131-D131,0) -> 729.1 | G131: =IF(C131="","",IFERROR(VLOOKUP(C131,Listas!$A$2:$C$39,3,FALSE()),"Asigna combustible en hoja Listas")) -> Diesel | H131: 55.134 | I131: 27 | J131: =H131*I131 -> 1488.618 | K131: =IFERROR(F131/H131,0) -> 13.224145
A132: =ROW()-4 -> 128 | B132: 46268 | C132: U-293 | D132: =IF(C132="","",IFERROR(INDEX($E$5:$E$486,SUMPRODUCT(MAX(($C$5:$C$486=C132)*($A$5:$A$486<A132)*$A$5:$A$486))),"")) -> 530834 | E132: 531046 | F132: =IFERROR(E132-D132,0) -> 212 | G132: =IF(C132="","",IFERROR(VLOOKUP(C132,Listas!$A$2:$C$39,3,FALSE()),"Asigna combustible en hoja Listas")) -> Gasolina | H132: 32.187 | I132: 23.98 | J132: =H132*I132 -> 771.84426 | K132: =IFERROR(F132/H132,0) -> 6.5865101
A133: =ROW()-4 -> 129 | B133: 46268 | C133: U-554 | D133: =IF(C133="","",IFERROR(INDEX($E$5:$E$486,SUMPRODUCT(MAX(($C$5:$C$486=C133)*($A$5:$A$486<A133)*$A$5:$A$486))),"")) -> 207364 | E133: 207641 | F133: =IFERROR(E133-D133,0) -> 277 | G133: =IF(C133="","",IFERROR(VLOOKUP(C133,Listas!$A$2:$C$39,3,FALSE()),"Asigna combustible en hoja Listas")) -> Diesel | H133: 57.006 | I133: 27 | J133: =H133*I133 -> 1539.162 | K133: =IFERROR(F133/H133,0) -> 4.8591376
A134: =ROW()-4 -> 130 | B134: 46268 | C134: U-589 | D134: =IF(C134="","",IFERROR(INDEX($E$5:$E$486,SUMPRODUCT(MAX(($C$5:$C$486=C134)*($A$5:$A$486<A134)*$A$5:$A$486))),"")) -> 219828 | E134: 220150 | F134: =IFERROR(E134-D134,0) -> 322 | G134: =IF(C134="","",IFERROR(VLOOKUP(C134,Listas!$A$2:$C$39,3,FALSE()),"Asigna combustible en hoja Listas")) -> Gasolina | H134: 51.454 | I134: 23.98 | J134: =H134*I134 -> 1233.8669 | K134: =IFERROR(F134/H134,0) -> 6.2580169
A135: =ROW()-4 -> 131 | B135: 46268 | C135: U-614 | D135: =IF(C135="","",IFERROR(INDEX($E$5:$E$486,SUMPRODUCT(MAX(($C$5:$C$486=C135)*($A$5:$A$486<A135)*$A$5:$A$486))),"")) -> 179522 | E135: 179730 | F135: =IFERROR(E135-D135,0) -> 208 | G135: =IF(C135="","",IFERROR(VLOOKUP(C135,Listas!$A$2:$C$39,3,FALSE()),"Asigna combustible en hoja Listas")) -> Gasolina | H135: 32.292 | I135: 23.98 | J135: =H135*I135 -> 774.36216 | K135: =IFERROR(F135/H135,0) -> 6.4412238
A136: =ROW()-4 -> 132 | B136: 46268 | C136: U-579 | D136: =IF(C136="","",IFERROR(INDEX($E$5:$E$486,SUMPRODUCT(MAX(($C$5:$C$486=C136)*($A$5:$A$486<A136)*$A$5:$A$486))),"")) -> 291526 | E136: 291720 | F136: =IFERROR(E136-D136,0) -> 194 | G136: =IF(C136="","",IFERROR(VLOOKUP(C136,Listas!$A$2:$C$39,3,FALSE()),"Asigna combustible en hoja Listas")) -> Gasolina | H136: 37.351 | I136: 23.98 | J136: =H136*I136 -> 895.67698 | K136: =IFERROR(F136/H136,0) -> 5.1939707
... A142: =ROW()-4 -> 138 | B142: 46269 | C142: U-581 | D142: =IF(C142="","",IFERROR(INDEX($E$5:$E$486,SUMPRODUCT(MAX(($C$5:$C$486=C142)*($A$5:$A$486<A142)*$A$5:$A$486))),"")) -> 306015 | E142: 306264 | F142: =IFERROR(E142-D142,0) -> 249 | G142: =IF(C142="","",IFERROR(VLOOKUP(C142,Listas!$A$2:$C$39,3,FALSE()),"Asigna combustible en hoja Listas")) -> Gasolina | H142: 35.075 | I142: 23.98 | J142: =H142*I142 -> 841.0985 | K142: =IFERROR(F142/H142,0) -> 7.0990734
A143: =ROW()-4 -> 139 | B143: 46269 | C143: otros | D143: =IF(C143="","",IFERROR(INDEX($E$5:$E$486,SUMPRODUCT(MAX(($C$5:$C$486=C143)*($A$5:$A$486<A143)*$A$5:$A$486))),"")) -> 0 | F143: =IFERROR(E143-D143,0) -> 0 | G143: Gasolina | H143: 20 | I143: 23.98 | J143: =H143*I143 -> 479.6 | K143: =IFERROR(F143/H143,0) -> 0
A144: =ROW()-4 -> 140 | B144: 46269 | C144: otros | D144: =IF(C144="","",IFERROR(INDEX($E$5:$E$486,SUMPRODUCT(MAX(($C$5:$C$486=C144)*($A$5:$A$486<A144)*$A$5:$A$486))),"")) -> 0 | F144: =IFERROR(E144-D144,0) -> 0 | G144: Gasolina | H144: 31.2 | I144: 23.98 | J144: =H144*I144 -> 748.176 | K144: =IFERROR(F144/H144,0) -> 0
A145: =ROW()-4 -> 141 | B145: 46269 | C145: Bateria Soledad Norte 1 | D145: =IF(C145="","",IFERROR(INDEX($E$5:$E$486,SUMPRODUCT(MAX(($C$5:$C$486=C145)*($A$5:$A$486<A145)*$A$5:$A$486))),"")) -> 0 | F145: =IFERROR(E145-D145,0) -> 0 | G145: =IF(C145="","",IFERROR(VLOOKUP(C145,Listas!$A$2:$C$39,3,FALSE()),"Asigna combustible en hoja Listas")) -> Gasolina | H145: 50 | I145: 100 | J145: =H145*I145 -> 5000 | K145: =IFERROR(F145/H145,0) -> 0
A146: =ROW()-4 -> 142 | B146: 46269 | C146: Bateria Soledad Sur 2 | D146: =IF(C146="","",IFERROR(INDEX($E$5:$E$486,SUMPRODUCT(MAX(($C$5:$C$486=C146)*($A$5:$A$486<A146)*$A$5:$A$486))),"")) -> 0 | F146: =IFERROR(E146-D146,0) -> 0 | G146: =IF(C146="","",IFERROR(VLOOKUP(C146,Listas!$A$2:$C$39,3,FALSE()),"Asigna combustible en hoja Listas")) -> Gasolina | H146: 50 | I146: 100 | J146: =H146*I146 -> 5000 | K146: =IFERROR(F146/H146,0) -> 0
A147: =ROW()-4 -> 143 | B147: 46272 | C147: U-274 | D147: =IF(C147="","",IFERROR(INDEX($E$5:$E$486,SUMPRODUCT(MAX(($C$5:$C$486=C147)*($A$5:$A$486<A147)*$A$5:$A$486))),"")) -> 121600 | E147: 121686 | F147: =IFERROR(E147-D147,0) -> 86 | G147: =IF(C147="","",IFERROR(VLOOKUP(C147,Listas!$A$2:$C$39,3,FALSE()),"Asigna combustible en hoja Listas")) -> Diesel | H147: 45 | I147: 27 | J147: =H147*I147 -> 1215 | K147: =IFERROR(F147/H147,0) -> 1.9111111
A148: =ROW()-4 -> 144 | B148: 46272 | C148: U-549 | D148: =IF(C148="","",IFERROR(INDEX($E$5:$E$486,SUMPRODUCT(MAX(($C$5:$C$486=C148)*($A$5:$A$486<A148)*$A$5:$A$486))),"")) -> 214325 | E148: 214550 | F148: =IFERROR(E148-D148,0) -> 225 | G148: =IF(C148="","",IFERROR(VLOOKUP(C148,Listas!$A$2:$C$39,3,FALSE()),"Asigna combustible en hoja Listas")) -> Diesel | H148: 32.406 | I148: 27 | J148: =H148*I148 -> 874.962 | K148: =IFERROR(F148/H148,0) -> 6.9431587
A149: =ROW()-4 -> 145 | B149: 46272 | C149: U-551 | D149: =IF(C149="","",IFERROR(INDEX($E$5:$E$486,SUMPRODUCT(MAX(($C$5:$C$486=C149)*($A$5:$A$486<A149)*$A$5:$A$486))),"")) -> 184032 | E149: 184202 | F149: =IFERROR(E149-D149,0) -> 170 | G149: =IF(C149="","",IFERROR(VLOOKUP(C149,Listas!$A$2:$C$39,3,FALSE()),"Asigna combustible en hoja Listas")) -> Diesel | H149: 40.011 | I149: 27 | J149: =H149*I149 -> 1080.297 | K149: =IFERROR(F149/H149,0) -> 4.2488316
A150: =ROW()-4 -> 146 | B150: 46272 | C150: U-554 | D150: =IF(C150="","",IFERROR(INDEX($E$5:$E$486,SUMPRODUCT(MAX(($C$5:$C$486=C150)*($A$5:$A$486<A150)*$A$5:$A$486))),"")) -> 207641 | E150: 207942 | F150: =IFERROR(E150-D150,0) -> 301 | G150: =IF(C150="","",IFERROR(VLOOKUP(C150,Listas!$A$2:$C$39,3,FALSE()),"Asigna combustible en hoja Listas")) -> Diesel | H150: 50.589 | I150: 27 | J150: =H150*I150 -> 1365.903 | K150: =IFERROR(F150/H150,0) -> 5.9499101
A151: =ROW()-4 -> 147 | B151: 46272 | C151: U-560 | D151: =IF(C151="","",IFERROR(INDEX($E$5:$E$486,SUMPRODUCT(MAX(($C$5:$C$486=C151)*($A$5:$A$486<A151)*$A$5:$A$486))),"")) -> 277385 | E151: 277798 | F151: =IFERROR(E151-D151,0) -> 413 | G151: =IF(C151="","",IFERROR(VLOOKUP(C151,Listas!$A$2:$C$39,3,FALSE()),"Asigna combustible en hoja Listas")) -> Diesel | H151: 65.434 | I151: 27 | J151: =H151*I151 -> 1766.718 | K151: =IFERROR(F151/H151,0) -> 6.3117034
...

Sheet Resumen Semanal
A3: Suma de Total Pesos | B3: Etiquetas de columna
A4: Etiquetas de fila | B4: Diesel | C4: Gasolina | D4: Total general
A5: 29/09/2026 - 05/10/2026 | B5: 11659.464 | C5: 22018.916 | D5: 33678.38
A6: Total general | B6: 11659.464 | C6: 22018.916 | D6: 33678.38

Sheet Resumen Mensual
A1: RESUMEN MENSUAL POR VEHICULO
A2: Cambia el Mes y el Ano en las celdas amarillas; el resumen se recalcula solo.
A4: Mes (1-12): | B4: 8 | C4: Ano: | D4: 2026 | E4: Inicio periodo: | F4: =DATE(D4,B4,1) -> 46235 | G4: Fin periodo: | H4: =EOMONTH(F4,0) -> 46265
A6: Numero Economico | B6: Total KM Recorridos | C6: Total Litros Cargados | D6: Gasto Total ($) | E6: Rendimiento Promedio Real (km/l)
A7: =Listas!A2 -> U-260 | B7: =SUMIFS('Registro Diario'!$F$5:$F$486,'Registro Diario'!$C$5:$C$486,A7,'Registro Diario'!$B$5:$B$486,">="&$F$4,'Registro Diario'!$B$5:$B$486,"<="&$H$4) -> 0 | C7: =SUMIFS('Registro Diario'!$H$5:$H$486,'Registro Diario'!$C$5:$C$486,A7,'Registro Diario'!$B$5:$B$486,">="&$F$4,'Registro Diario'!$B$5:$B$486,"<="&$H$4) -> 0 | D7: =SUMIFS('Registro Diario'!$J$5:$J$486,'Registro Diario'!$C$5:$C$486,A7,'Registro Diario'!$B$5:$B$486,">="&$F$4,'Registro Diario'!$B$5:$B$486,"<="&$H$4) -> 0 | E7: =IFERROR(B7/C7,0) -> 0
A8: =Listas!A4 -> U-274 | B8: =SUMIFS('Registro Diario'!$F$5:$F$486,'Registro Diario'!$C$5:$C$486,A8,'Registro Diario'!$B$5:$B$486,">="&$F$4,'Registro Diario'!$B$5:$B$486,"<="&$H$4) -> 219 | C8: =SUMIFS('Registro Diario'!$H$5:$H$486,'Registro Diario'!$C$5:$C$486,A8,'Registro Diario'!$B$5:$B$486,">="&$F$4,'Registro Diario'!$B$5:$B$486,"<="&$H$4) -> 192.892 | D8: =SUMIFS('Registro Diario'!$J$5:$J$486,'Registro Diario'!$C$5:$C$486,A8,'Registro Diario'!$B$5:$B$486,">="&$F$4,'Registro Diario'!$B$5:$B$486,"<="&$H$4) -> 5208.084 | E8: =IFERROR(B8/C8,0) -> 1.1353504
A9: =Listas!A5 -> U-293 | B9: =SUMIFS('Registro Diario'!$F$5:$F$486,'Registro Diario'!$C$5:$C$486,A9,'Registro Diario'!$B$5:$B$486,">="&$F$4,'Registro Diario'!$B$5:$B$486,"<="&$H$4) -> 288 | C9: =SUMIFS('Registro Diario'!$H$5:$H$486,'Registro Diario'!$C$5:$C$486,A9,'Registro Diario'!$B$5:$B$486,">="&$F$4,'Registro Diario'!$B$5:$B$486,"<="&$H$4) -> 68.732 | D9: =SUMIFS('Registro Diario'!$J$5:$J$486,'Registro Diario'!$C$5:$C$486,A9,'Registro Diario'!$B$5:$B$486,">="&$F$4,'Registro Diario'!$B$5:$B$486,"<="&$H$4) -> 1648.1934 | E9: =IFERROR(B9/C9,0) -> 4.190188
A10: =Listas!A6 -> U-337 | B10: =SUMIFS('Registro Diario'!$F$5:$F$486,'Registro Diario'!$C$5:$C$486,A10,'Registro Diario'!$B$5:$B$486,">="&$F$4,'Registro Diario'!$B$5:$B$486,"<="&$H$4) -> 0 | C10: =SUMIFS('Registro Diario'!$H$5:$H$486,'Registro Diario'!$C$5:$C$486,A10,'Registro Diario'!$B$5:$B$486,">="&$F$4,'Registro Diario'!$B$5:$B$486,"<="&$H$4) -> 145.854 | D10: =SUMIFS('Registro Diario'!$J$5:$J$486,'Registro Diario'!$C$5:$C$486,A10,'Registro Diario'!$B$5:$B$486,">="&$F$4,'Registro Diario'!$B$5:$B$486,"<="&$H$4) -> 3938.058 | E10: =IFERROR(B10/C10,0) -> 0
A11: =Listas!A7 -> U-338 | B11: =SUMIFS('Registro Diario'!$F$5:$F$486,'Registro Diario'!$C$5:$C$486,A11,'Registro Diario'!$B$5:$B$486,">="&$F$4,'Registro Diario'!$B$5:$B$486,"<="&$H$4) -> 170787 | C11: =SUMIFS('Registro Diario'!$H$5:$H$486,'Registro Diario'!$C$5:$C$486,A11,'Registro Diario'!$B$5:$B$486,">="&$F$4,'Registro Diario'!$B$5:$B$486,"<="&$H$4) -> 241.854 | D11: =SUMIFS('Registro Diario'!$J$5:$J$486,'Registro Diario'!$C$5:$C$486,A11,'Registro Diario'!$B$5:$B$486,">="&$F$4,'Registro Diario'!$B$5:$B$486,"<="&$H$4) -> 6530.058 | E11: =IFERROR(B11/C11,0) -> 706.15743
A12: =Listas!A8 -> U-434 | B12: =SUMIFS('Registro Diario'!$F$5:$F$486,'Registro Diario'!$C$5:$C$486,A12,'Registro Diario'!$B$5:$B$486,">="&$F$4,'Registro Diario'!$B$5:$B$486,"<="&$H$4) -> 0 | C12: =SUMIFS('Registro Diario'!$H$5:$H$486,'Registro Diario'!$C$5:$C$486,A12,'Registro Diario'!$B$5:$B$486,">="&$F$4,'Registro Diario'!$B$5:$B$486,"<="&$H$4) -> 0 | D12: =SUMIFS('Registro Diario'!$J$5:$J$486,'Registro Diario'!$C$5:$C$486,A12,'Registro Diario'!$B$5:$B$486,">="&$F$4,'Registro Diario'!$B$5:$B$486,"<="&$H$4) -> 0 | E12: =IFERROR(B12/C12,0) -> 0
A13: =Listas!A9 -> U-460 | B13: =SUMIFS('Registro Diario'!$F$5:$F$486,'Registro Diario'!$C$5:$C$486,A13,'Registro Diario'!$B$5:$B$486,">="&$F$4,'Registro Diario'!$B$5:$B$486,"<="&$H$4) -> 0 | C13: =SUMIFS('Registro Diario'!$H$5:$H$486,'Registro Diario'!$C$5:$C$486,A13,'Registro Diario'!$B$5:$B$486,">="&$F$4,'Registro Diario'!$B$5:$B$486,"<="&$H$4) -> 0 | D13: =SUMIFS('Registro Diario'!$J$5:$J$486,'Registro Diario'!$C$5:$C$486,A13,'Registro Diario'!$B$5:$B$486,">="&$F$4,'Registro Diario'!$B$5:$B$486,"<="&$H$4) -> 0 | E13: =IFERROR(B13/C13,0) -> 0
A14: =Listas!A10 -> U-468 | B14: =SUMIFS('Registro Diario'!$F$5:$F$486,'Registro Diario'!$C$5:$C$486,A14,'Registro Diario'!$B$5:$B$486,">="&$F$4,'Registro Diario'!$B$5:$B$486,"<="&$H$4) -> 0 | C14: =SUMIFS('Registro Diario'!$H$5:$H$486,'Registro Diario'!$C$5:$C$486,A14,'Registro Diario'!$B$5:$B$486,">="&$F$4,'Registro Diario'!$B$5:$B$486,"<="&$H$4) -> 0 | D14: =SUMIFS('Registro Diario'!$J$5:$J$486,'Registro Diario'!$C$5:$C$486,A14,'Registro Diario'!$B$5:$B$486,">="&$F$4,'Registro Diario'!$B$5:$B$486,"<="&$H$4) -> 0 | E14: =IFERROR(B14/C14,0) -> 0
A15: =Listas!A11 -> U-477 | B15: =SUMIFS('Registro Diario'!$F$5:$F$486,'Registro Diario'!$C$5:$C$486,A15,'Registro Diario'!$B$5:$B$486,">="&$F$4,'Registro Diario'!$B$5:$B$486,"<="&$H$4) -> 0 | C15: =SUMIFS('Registro Diario'!$H$5:$H$486,'Registro Diario'!$C$5:$C$486,A15,'Registro Diario'!$B$5:$B$486,">="&$F$4,'Registro Diario'!$B$5:$B$486,"<="&$H$4) -> 0 | D15: =SUMIFS('Registro Diario'!$J$5:$J$486,'Registro Diario'!$C$5:$C$486,A15,'Registro Diario'!$B$5:$B$486,">="&$F$4,'Registro Diario'!$B$5:$B$486,"<="&$H$4) -> 0 | E15: =IFERROR(B15/C15,0) -> 0
A16: =Listas!A12 -> U-545 | B16: =SUMIFS('Registro Diario'!$F$5:$F$486,'Registro Diario'!$C$5:$C$486,A16,'Registro Diario'!$B$5:$B$486,">="&$F$4,'Registro Diario'!$B$5:$B$486,"<="&$H$4) -> 206510 | C16: =SUMIFS('Registro Diario'!$H$5:$H$486,'Registro Diario'!$C$5:$C$486,A16,'Registro Diario'!$B$5:$B$486,">="&$F$4,'Registro Diario'!$B$5:$B$486,"<="&$H$4) -> 157.802 | D16: =SUMIFS('Registro Diario'!$J$5:$J$486,'Registro Diario'!$C$5:$C$486,A16,'Registro Diario'!$B$5:$B$486,">="&$F$4,'Registro Diario'!$B$5:$B$486,"<="&$H$4) -> 4260.654 | E16: =IFERROR(B16/C16,0) -> 1308.6653
A17: =Listas!A13 -> U-549 | B17: =SUMIFS('Registro Diario'!$F$5:$F$486,'Registro Diario'!$C$5:$C$486,A17,'Registro Diario'!$B$5:$B$486,">="&$F$4,'Registro Diario'!$B$5:$B$486,"<="&$H$4) -> 214087 | C17: =SUMIFS('Registro Diario'!$H$5:$H$486,'Registro Diario'!$C$5:$C$486,A17,'Registro Diario'!$B$5:$B$486,">="&$F$4,'Registro Diario'!$B$5:$B$486,"<="&$H$4) -> 87.001 | D17: =SUMIFS('Registro Diario'!$J$5:$J$486,'Registro Diario'!$C$5:$C$486,A17,'Registro Diario'!$B$5:$B$486,">="&$F$4,'Registro Diario'!$B$5:$B$486,"<="&$H$4) -> 2349.027 | E17: =IFERROR(B17/C17,0) -> 2460.7418
A18: =Listas!A14 -> U-551 | B18: =SUMIFS('Registro Diario'!$F$5:$F$486,'Registro Diario'!$C$5:$C$486,A18,'Registro Diario'!$B$5:$B$486,">="&$F$4,'Registro Diario'!$B$5:$B$486,"<="&$H$4) -> 975 | C18: =SUMIFS('Registro Diario'!$H$5:$H$486,'Registro Diario'!$C$5:$C$486,A18,'Registro Diario'!$B$5:$B$486,">="&$F$4,'Registro Diario'!$B$5:$B$486,"<="&$H$4) -> 245.484 | D18: =SUMIFS('Registro Diario'!$J$5:$J$486,'Registro Diario'!$C$5:$C$486,A18,'Registro Diario'!$B$5:$B$486,">="&$F$4,'Registro Diario'!$B$5:$B$486,"<="&$H$4) -> 6628.068 | E18: =IFERROR(B18/C18,0) -> 3.9717456
A19: =Listas!A15 -> U-554 | B19: =SUMIFS('Registro Diario'!$F$5:$F$486,'Registro Diario'!$C$5:$C$486,A19,'Registro Diario'!$B$5:$B$486,">="&$F$4,'Registro Diario'!$B$5:$B$486,"<="&$H$4) -> 845 | C19: =SUMIFS('Registro Diario'!$H$5:$H$486,'Registro Diario'!$C$5:$C$486,A19,'Registro Diario'!$B$5:$B$486,">="&$F$4,'Registro Diario'!$B$5:$B$486,"<="&$H$4) -> 207.438 | D19: =SUMIFS('Registro Diario'!$J$5:$J$486,'Registro Diario'!$C$5:$C$486,A19,'Registro Diario'!$B$5:$B$486,">="&$F$4,'Registro Diario'!$B$5:$B$486,"<="&$H$4) -> 5600.826 | E19: =IFERROR(B19/C19,0) -> 4.0735063
... A43: =Listas!A39 -> Bateria Soledad Sur 2 | B43: =SUMIFS('Registro Diario'!$F$5:$F$486,'Registro Diario'!$C$5:$C$486,A43,'Registro Diario'!$B$5:$B$486,">="&$F$4,'Registro Diario'!$B$5:$B$486,"<="&$H$4) -> 0 | C43: =SUMIFS('Registro Diario'!$H$5:$H$486,'Registro Diario'!$C$5:$C$486,A43,'Registro Diario'!$B$5:$B$486,">="&$F$4,'Registro Diario'!$B$5:$B$486,"<="&$H$4) -> 50 | D43: =SUMIFS('Registro Diario'!$J$5:$J$486,'Registro Diario'!$C$5:$C$486,A43,'Registro Diario'!$B$5:$B$486,">="&$F$4,'Registro Diario'!$B$5:$B$486,"<="&$H$4) -> 5000 | E43: =IFERROR(B43/C43,0) -> 0
A46: TOTAL FLOTA | B46: =SUM(B7:B45) -> 2001285 | C46: =SUM(C7:C45) -> 5296.097 | D46: =SUM(D7:D45) -> 142655.87 | E46: =IFERROR(B46/C46,0) -> 377.87922

Sheet Graficos
A1: COMPARATIVO DE RENDIMIENTO POR VEHICULO
A2: Estos graficos se alimentan automaticamente de la hoja Resumen Mensual.

Sheet Listas
A1: Numero_Economico | B1: Tipo_Combustible | C1: Tipo de Combustible Asignado
A2: U-260 | B2: Gasolina | C2: Gasolina
A3: U-272 | B3: Gasolina | C3: Diesel
A4: U-274 | B4: Diesel | C4: Diesel
A5: U-293 | B5: Gasolina | C5: Gasolina
A6: U-337 | B6: Diesel | C6: Diesel
A7: U-338 | B7: Diesel | C7: Diesel
A8: U-434 | B8: Gasolina | C8: Gasolina
A9: U-460 | B9: Gasolina | C9: Gasolina
A10: U-468 | B10: Gasolina | C10: Gasolina
A11: U-477 | B11: Gasolina | C11: Gasolina
A12: U-545 | B12: Diesel | C12: Diesel
... A39: Bateria Soledad Sur 2 | B39: Gasolina | C39: Gasolina
